[
  {
    "cif": "B12345678",
    "nombre": "La Casa del Sabor",
    "telefono": "912345678",
    "descripcion": "Restaurante especializado en comida mediterránea.",
    "reservas": [
      {
        "nombre": "Carlos",
        "apellidos": "González",
        "descripcion": "Cena de aniversario",
        "email": "carlos@example.com",
        "fecha": "2025-03-10",
        "precio": 75.50,
        "cliente": {
          "nombre": "Carlos",
          "apellidos": "González"
        }
      },
      {
        "nombre": "María",
        "apellidos": "López",
        "descripcion": "Comida de negocios",
        "email": "maria@example.com",
        "fecha": "2025-03-15",
        "precio": 90.00,
        "cliente": {
          "nombre": "María",
          "apellidos": "López"
        }
      }
    ],
    "trabajadores": [
      {
        "dni": "12345678A",
        "nombre": "Ana",
        "apellidos": "Pérez",
        "telefono": "600123456",
        "email": "ana@example.com"
      },
      {
        "dni": "23456789B",
        "nombre": "Luis",
        "apellidos": "Martínez",
        "telefono": "611234567",
        "email": "luis@example.com"
      },
      {
        "dni": "34567890C",
        "nombre": "Marta",
        "apellidos": "Gómez",
        "telefono": "622345678",
        "email": "marta@example.com"
      }
    ],
    "menu": [
      {
        "nombre": "Paella Valenciana",
        "tipo": "PlatoPrincipal"
      },
      {
        "nombre": "Gazpacho Andaluz",
        "tipo": "Aperitivo"
      },
      {
        "nombre": "Tarta de Santiago",
        "tipo": "Postre"
      }
    ]
  },
  {
    "cif": "B87654321",
    "nombre": "El Rincón Mexicano",
    "telefono": "923456789",
    "descripcion": "Auténtica comida mexicana en el corazón de la ciudad.",
    "reservas": [
      {
        "nombre": "Lucía",
        "apellidos": "Fernández",
        "descripcion": "Cumpleaños de 30 años",
        "email": "lucia@example.com",
        "fecha": "2025-04-15",
        "precio": 120.00,
        "cliente": {
          "nombre": "Lucía",
          "apellidos": "Fernández"
        }
      },
      {
        "nombre": "Jorge",
        "apellidos": "Ramírez",
        "descripcion": "Cena romántica",
        "email": "jorge@example.com",
        "fecha": "2025-04-20",
        "precio": 80.50,
        "cliente": {
          "nombre": "Jorge",
          "apellidos": "Ramírez"
        }
      }
    ],
    "trabajadores": [
      {
        "dni": "87654321B",
        "nombre": "Javier",
        "apellidos": "Gómez",
        "telefono": "699876543",
        "email": "javier@example.com"
      },
      {
        "dni": "98765432C",
        "nombre": "Elena",
        "apellidos": "Ruiz",
        "telefono": "633987654",
        "email": "elena@example.com"
      },
      {
        "dni": "87654321D",
        "nombre": "Fernando",
        "apellidos": "Sánchez",
        "telefono": "644876543",
        "email": "fernando@example.com"
      }
    ],
    "menu": [
      {
        "nombre": "Tacos al Pastor",
        "tipo": "PlatoPrincipal"
      },
      {
        "nombre": "Guacamole con Totopos",
        "tipo": "Aperitivo"
      },
      {
        "nombre": "Churros con Chocolate",
        "tipo": "Postre"
      }
    ]
  },
  {
    "cif": "B11223344",
    "nombre": "Sushi & Sake",
    "telefono": "934567890",
    "descripcion": "Experiencia japonesa con los mejores ingredientes.",
    "reservas": [
      {
        "nombre": "David",
        "apellidos": "Martínez",
        "descripcion": "Cena con amigos",
        "email": "david@example.com",
        "fecha": "2025-05-20",
        "precio": 95.75,
        "cliente": {
          "nombre": "David",
          "apellidos": "Martínez"
        }
      },
      {
        "nombre": "Laura",
        "apellidos": "Hernández",
        "descripcion": "Reunión familiar",
        "email": "laura@example.com",
        "fecha": "2025-05-25",
        "precio": 110.00,
        "cliente": {
          "nombre": "Laura",
          "apellidos": "Hernández"
        }
      }
    ],
    "trabajadores": [
      {
        "dni": "11223344C",
        "nombre": "Sofía",
        "apellidos": "López",
        "telefono": "688112233",
        "email": "sofia@example.com"
      },
      {
        "dni": "22334455D",
        "nombre": "Hiroshi",
        "apellidos": "Tanaka",
        "telefono": "655223344",
        "email": "hiroshi@example.com"
      },
      {
        "dni": "33445566E",
        "nombre": "Marina",
        "apellidos": "Fernández",
        "telefono": "677334455",
        "email": "marina@example.com"
      }
    ],
    "menu": [
      {
        "nombre": "Sashimi de Salmón",
        "tipo": "SegundoPlato"
      },
      {
        "nombre": "Miso Soup",
        "tipo": "Aperitivo"
      },
      {
        "nombre": "Mochi de Té Verde",
        "tipo": "Postre"
      }
    ]
  }
]